{"0.010060732,0.017006799": [[0.010591057136131399, 0.017427228609047704]], "0.99939961,8.5149909e-05": [[0.9995275593059303, 6.700874804544085e-05]], "0.011062483,-0.017791226": [[0.010591057136131756, -0.017427228609047975]], "0.99961572,-5.4507286e-05": [[0.999527559304878, -6.700874061536537e-05]]}