{"0.010060732,0.017006799": [[0.010557566298706553, 0.017401029086413757]], "0.99939961,8.5149909e-05": [[0.9995088486766689, 6.966180732859652e-05]], "0.011062483,-0.017791226": [[0.010557566298706996, -0.017401029086414103]], "0.99961572,-5.4507286e-05": [[0.9995088486756735, -6.966180029869564e-05]], "0.19960375,0.056946158": [[0.20157112596902454, 0.05705622444875847]]}